round,main_accuracy,main_loss,attack_success_rate,is_attack_active,bottleneck_distance,bottleneck_threshold
1,0.07205067300079177,3.5037633848190306,0.0,0,,
2,0.09841646872525732,3.4894468116760256,0.0,0,,
3,0.09873317498020585,3.4378379726409913,0.0,0,,
4,0.11860649247822644,3.405264220237732,0.0,0,,
5,0.15510688836104514,3.349577474594116,0.0,0,,
6,0.17965162311955662,3.2515468978881836,0.0,0,,
7,0.21971496437054633,3.117687602043152,0.0,0,,
8,0.2676167854315123,2.893946051597595,0.0,0,,
9,0.2918448139350752,2.7074335479736327,0.0,0,,
10,0.3102137767220903,2.5448872232437134,0.0,0,,
11,0.3496437054631829,2.4243636178970336,0.0,0,,
12,0.3869358669833729,2.3279750633239744,0.0,0,,
13,0.34323040380047504,2.2017288970947266,0.0,0,,
14,0.4292953285827395,2.030609407424927,0.0,0,,
15,0.4668250197941409,1.8880821323394776,0.0,0,,
16,0.48543151227236736,1.8355676531791687,0.0,0,,
17,0.5186856690419636,1.6965116262435913,0.0,0,,
18,0.534283452098179,1.6410410714149475,0.0,0,,
19,0.5676167854315123,1.532478997707367,0.0,0,,
20,0.5130641330166271,1.6758788180351258,0.0,0,,
21,0.5676959619952494,1.5078658986091613,0.0,0,,
22,0.6009501187648456,1.3565446329116821,0.0,0,,
23,0.6342042755344418,1.282266573905945,0.0,0,,
24,0.6231195566112431,1.2944752287864685,0.0,0,,
25,0.6581155977830562,1.1672267699241639,0.0,0,,
26,0.6528107680126682,1.1527545857429504,0.0,0,,
27,0.6914489311163895,1.088520073890686,0.0,0,,
28,0.6619952494061758,1.099689998626709,0.0,0,,
29,0.6320665083135392,1.1822003054618835,0.0,0,,
30,0.6796516231195566,1.078218137025833,0.0,0,,
31,0.6984956452889944,1.011719880104065,0.0,0,,
32,0.7173396674584323,0.9505526971817017,0.0,0,,
33,0.7406967537608867,0.9104100954532623,0.0,0,,
34,0.7212193190815519,0.9136517560482025,0.0,0,,
35,0.7300870942201109,0.862613501548767,0.0,0,,
36,0.7583531274742676,0.8406853079795837,0.0,0,,
37,0.7483768804433888,0.8249640655517578,0.0,0,,
38,0.7524148851939826,0.8286425876617431,0.0,0,,
39,0.7646872525732383,0.7960583078861236,0.0,0,,
40,0.7782264449722882,0.7571489632129669,0.0,0,,
41,0.7809184481393507,0.7429629528522491,0.0,0,,
42,0.7888361045130642,0.7140980088710784,0.0,0,,
43,0.7849564528899445,0.7151055312156678,0.0,0,,
44,0.7908946951702296,0.6986756825447082,0.0,0,,
45,0.791132224861441,0.6953218412399292,0.0,0,,
46,0.8144893111638954,0.6623761916160583,0.0,0,,
47,0.8048297703879652,0.6669923520088196,0.0,0,,
48,0.8272367379255741,0.6276179027557373,0.0,0,,
49,0.8187648456057007,0.6251585936546326,0.0,0,,
50,0.8254156769596199,0.6111028921604157,0.0,0,,
51,0.8220902612826604,0.6360731208324433,0.0,0,,
52,0.8281076801266825,0.6093947517871857,0.0,0,,
53,0.8348376880443389,0.6114120614528656,0.0,0,,
54,0.833729216152019,0.5946920651197434,0.0,0,,
55,0.8315914489311164,0.5836062180995941,0.0,0,,
56,0.8353919239904988,0.5903790801763534,0.0,0,,
57,0.8441805225653206,0.5651679641008377,0.0,0,,
58,0.8463974663499604,0.5532606434822083,0.0,0,,
59,0.8346001583531275,0.5613344031572342,0.0,0,,
60,0.841409342834521,0.5701338905096054,0.0,0,,
61,0.8454473475851149,0.5627580773830414,0.0,0,,
62,0.8427553444180522,0.555354290008545,0.0,0,,
63,0.8539984164687252,0.5404803115129471,0.0,0,,
64,0.846714172604909,0.5474011284112931,0.0,0,,
65,0.8660332541567696,0.5082645046710969,0.0,0,,
66,0.856769596199525,0.5416982716321945,0.0,0,,
67,0.8650039588281868,0.5231396079063415,0.0,0,,
68,0.8628661916072843,0.509512164592743,0.0,0,,
69,0.8702296120348377,0.4905389082431793,0.0,0,,
70,0.8657165479018211,0.5136182790994644,0.0,0,,
71,0.8507521773555028,0.5429581195116043,0.0,0,,
72,0.8656373713380839,0.5047922617197037,0.0,0,,
73,0.8741092636579573,0.479914910197258,0.0,0,,
74,0.8759303246239113,0.4757677507400513,0.0,0,,
75,0.8838479809976247,0.4598314481973648,0.0,0,,
76,0.87458432304038,0.4724083834886551,0.0,0,,
77,0.876959619952494,0.4666505116224289,0.0,0,,
78,0.8709422011084719,0.4900518316030502,0.0,0,,
79,0.8688044338875692,0.5052301472425461,0.0,0,,
80,0.8706254948535234,0.47874701380729673,0.0,0,,
81,0.8656373713380839,0.46964159727096555,0.0,0,,
82,0.8699920823436262,0.5083594751358033,0.0,0,,
83,0.8818685669041963,0.4534151899814606,0.0,0,,
84,0.8806809184481393,0.44100684821605685,0.0,0,,
85,0.8839271575613619,0.4285759162902832,0.0,0,,
86,0.8285827395091053,0.6433072751760482,0.0,0,,
87,0.8768012668250198,0.46125966906547544,0.0,0,,
88,0.871575613618369,0.4575654458999634,0.0,0,,
89,0.8767220902612827,0.4611052167415619,0.0,0,,
90,0.882264449722882,0.43414361238479615,0.0,0,,
91,0.8794932699920823,0.45672393262386324,0.0,0,,
92,0.8855106888361045,0.4354794937372208,0.0,0,,
93,0.8903404592240697,0.41892371714115145,0.0,0,,
94,0.8883610451306413,0.4322514480352402,0.0,0,,
95,0.8921615201900237,0.40480992913246155,0.0,0,,
96,0.8853523357086303,0.4198503232002258,0.0,0,,
97,0.8935866983372922,0.40989322543144224,0.0,0,,
98,0.8927949326999208,0.42484347641468045,0.0,0,,
99,0.8805225653206651,0.4496774071455002,0.0,0,,
100,0.8501979414093428,0.5513353532552719,0.0,0,,
101,0.8873317498020586,0.42493890404701234,0.0,0,,
102,0.8885193982581155,0.40798899590969084,0.0,0,,
103,0.8917656373713381,0.4164844393730164,0.0,0,,
104,0.8949326999208235,0.40577745735645293,0.0,0,,
105,0.8795724465558195,0.43949762761592864,0.0,0,,
106,0.8826603325415677,0.4188667869567871,0.0,0,,
107,0.8917656373713381,0.41231989204883573,0.0,0,,
108,0.8930324623911322,0.3999114525318146,0.0,0,,
109,0.8966745843230404,0.40364338755607604,0.0,0,,
110,0.9041171813143309,0.38489276826381685,0.0,0,,
111,0.8996041171813143,0.39141224801540375,0.0,0,,
112,0.9010292953285828,0.3820409721136093,0.0,0,,
113,0.9005542359461599,0.38264818251132965,0.0,0,,
114,0.9030878859857482,0.37836297452449796,0.0,0,,
115,0.9007917656373713,0.37665416598320006,0.0,0,,
116,0.9029295328582739,0.3699760094285011,0.0,0,,
117,0.9077593032462391,0.3657454973459244,0.0,0,,
118,0.9054631828978622,0.37597874224185945,0.0,0,,
119,0.907680126682502,0.3703188288211823,0.0,0,,
120,0.9056215360253365,0.363987555205822,0.036737925574030085,1,,
121,0.9038004750593824,0.37472999036312105,0.03800475059382423,1,,
122,0.903562945368171,0.37332358956336975,0.2110055423594616,1,,
123,0.9045130641330166,0.37268311440944674,0.20285035629453682,1,,
124,0.9051464766429137,0.3683005237579346,0.2091844813935075,1,,
125,0.9079968329374505,0.36114614009857177,0.20902612826603326,1,,
126,0.9038796516231196,0.3725441598892212,0.2269200316706255,1,,
127,0.9050673000791766,0.37874039113521574,0.24291369754552652,1,,
128,0.9060965954077593,0.36163467049598697,0.27007125890736344,1,,
129,0.9053840063341251,0.3745208197832108,0.24528899445764055,1,,
130,0.9060174188440222,0.37311336427927017,0.26357878068091845,1,,
131,0.9012668250197942,0.3876011872291565,0.257403008709422,1,,
132,0.907680126682502,0.3635133787989616,0.2732383214568488,1,,
133,0.9057798891528107,0.371626096367836,0.26991290577988913,1,,
134,0.9047505938242281,0.37435756534338,0.2604908946951702,1,,
135,0.9097387173396675,0.35180371671915056,0.27117973079968327,1,,
136,0.9026920031670626,0.3868806266784668,0.2596199524940618,1,,
137,0.9089469517022961,0.3631576460599899,0.24307205067300078,1,,
138,0.9028503562945368,0.3733884072303772,0.26999208234362626,1,,
139,0.9024544734758512,0.375730202794075,0.2730799683293745,1,,
140,0.9062549485352336,0.3727193039655685,0.2724465558194774,1,,
141,0.9046714172604909,0.3652807033061981,0.27078384798099764,1,,
142,0.9072842438638163,0.3770148479938507,0.27688044338875695,1,,
143,0.9051464766429137,0.368201867043972,0.2475059382422803,1,,
144,0.9052256532066508,0.37119536101818085,0.2709422011084719,1,,
145,0.8938242280285036,0.4096455007791519,0.27347585114806017,1,,
146,0.906492478226445,0.371562517285347,0.26326207442596994,1,,
147,0.9092636579572446,0.3618829447031021,0.2814726840855107,1,,
148,0.9052256532066508,0.38805369794368744,0.2759303246239113,1,,
149,0.9068091844813935,0.3745848834514618,0.28210609659540775,1,,
150,0.9114806017418844,0.35511476546525955,0.2890736342042755,1,,
151,0.8841646872525732,0.48211861968040465,0.25716547901821063,1,,
152,0.908867775138559,0.3604367923736572,0.27347585114806017,1,,
153,0.910055423594616,0.35777721703052523,0.27181314330958034,1,,
154,0.9090261282660332,0.3638624283671379,0.3019794140934283,1,,
155,0.9108471892319874,0.3688109016418457,0.2754552652414885,1,,
156,0.9089469517022961,0.3765401005744934,0.2852731591448931,1,,
157,0.9098178939034046,0.36017704486846924,0.28487727632620746,1,,
158,0.9062549485352336,0.38283989667892454,0.2908946951702296,1,,
159,0.911243072050673,0.36388348758220673,0.29168646080760097,1,,
160,0.91243072050673,0.3563299411535263,0.3087885985748218,1,,
161,0.9040380047505938,0.3771181607246399,0.23871733966745842,1,,
162,0.9122723673792558,0.3499711763858795,0.2910530482977039,1,,
163,0.9083927157561362,0.36725614219903946,0.2892319873317498,1,,
164,0.913064133016627,0.34678049981594083,0.29992082343626286,1,,
165,0.9141726049089469,0.3431899204850197,0.29540775930324625,1,,
166,0.8732383214568488,0.5282907021045685,0.25637371338083925,1,,
167,0.91187648456057,0.336839474439621,0.27790973871733965,1,,
168,0.9165479018210609,0.3324446141719818,0.27569279493269994,1,,
169,0.9152019002375297,0.34980617195367814,0.2954869358669834,1,,
170,0.9127474267616785,0.35601763367652894,0.2667458432304038,1,,
171,0.9096595407759304,0.37253128588199613,0.27648456057007126,0,,
172,0.9117973079968329,0.3571551561355591,0.288756927949327,0,,
173,0.9146476642913698,0.34204882621765137,0.28677751385589867,0,,
174,0.9186064924782265,0.3415550011396408,0.2823436262866192,0,,
175,0.9067300079176563,0.37206526696681974,0.30142517814726844,0,,
176,0.9107680126682502,0.3676223963499069,0.3264449722882027,0,,
177,0.9111638954869359,0.35491107642650604,0.2819477434679335,0,,
178,0.9145684877276327,0.3607241287827492,0.2714172604908947,0,,
179,0.9117181314330958,0.3631277865171432,0.28060174188440223,0,,
180,0.9135391923990499,0.3527031400799751,0.2889944576405384,0,,
181,0.915993665874901,0.3421844518184662,0.2815518606492478,0,,
182,0.9057007125890736,0.3629509198665619,0.2732383214568488,0,,
183,0.9195566112430721,0.3271969160437584,0.2849564528899446,0,,
184,0.9123515439429929,0.3509757196903229,0.2778305621536025,0,,
185,0.9155186064924782,0.3389687046408653,0.26286619160728425,0,,
186,0.9089469517022961,0.3513003981113434,0.2762470308788599,0,,
187,0.915993665874901,0.33072925865650177,0.27276326207442597,0,,
188,0.9109263657957245,0.34131759732961653,0.3215360253365004,0,,
189,0.9103721298495645,0.3497800478339195,0.3060965954077593,0,,
190,0.9136975455265242,0.33993242293596265,0.28772763262074424,0,,
191,0.9117181314330958,0.3570882570743561,0.28780680918448137,0,,
192,0.9143309580364212,0.338949716091156,0.3022961203483769,0,,
193,0.9048297703879652,0.36702834665775297,0.2778305621536025,0,,
194,0.915439429928741,0.33280502647161486,0.28669833729216154,0,,
195,0.9159144893111639,0.3356573215126991,0.2850356294536817,0,,
196,0.9110055423594616,0.341839796602726,0.283452098178939,0,,
197,0.9103721298495645,0.3445249569416046,0.26468725257323833,0,,
198,0.9082343626286619,0.34736616641283036,0.288756927949327,0,,
199,0.9116389548693586,0.34797687977552416,0.2895486935866983,0,,
200,0.9115597783056215,0.3540418007969856,0.26104513064133017,0,,
